login_hour,failed_attempts,new_device,login_frequency,location_difference,label,prediction,is_anomaly,raw_decision,anomaly_score,risk_score
10,1,0,5,0,0,1,False,0.24226344655490284,0.026,3
15,0,0,5,0,0,1,False,0.26361003510967734,0.019,2
16,2,0,3,0,0,1,False,0.122509520091167,0.137,14
8,0,0,4,0,0,1,False,0.20979810879971594,0.041,4
8,0,0,3,0,0,1,False,0.18822204807231552,0.056,6
14,0,0,7,0,0,1,False,0.24275899498710196,0.026,3
12,1,0,3,0,0,1,False,0.21043117361717972,0.041,4
13,0,0,5,0,0,1,False,0.27957080706781084,0.015,2
15,1,0,9,0,0,1,False,0.09506122877421763,0.194,19
14,0,0,5,0,0,1,False,0.2787042429911378,0.015,2
11,0,0,3,0,0,1,False,0.23197784331585825,0.03,3
12,0,0,3,0,0,1,False,0.2424135080083405,0.026,3
12,0,0,5,0,0,1,False,0.27750019456167535,0.015,2
4,7,0,1,1,1,-1,True,-0.048146016324263186,0.673,67
16,0,0,7,0,0,1,False,0.19839510315578945,0.049,5
8,0,0,5,0,0,1,False,0.22109679333722643,0.035,4
14,2,0,3,0,0,1,False,0.15239003360846148,0.092,9
9,1,0,5,0,0,1,False,0.21480238211393105,0.038,4
15,0,0,3,0,0,1,False,0.23130093420933495,0.03,3
9,0,0,9,0,0,1,False,0.07896379619816041,0.234,23
15,0,0,8,0,0,1,False,0.1637085305862433,0.079,8
9,0,0,5,0,0,1,False,0.23981881605871486,0.027,3
17,0,0,6,0,0,1,False,0.22089650921466958,0.035,4
13,0,0,6,0,0,1,False,0.2728717214516792,0.016,2
16,0,0,5,0,0,1,False,0.24886799914550417,0.023,2
11,1,0,5,0,0,1,False,0.2485820424194679,0.023,2
17,1,0,4,0,0,1,False,0.20767709177128363,0.042,4
5,8,1,2,1,1,-1,True,-0.027930669346676762,0.603,60
13,0,0,5,0,0,1,False,0.27957080706781084,0.015,2
8,0,0,6,0,0,1,False,0.21281135917821375,0.039,4
11,1,0,7,0,0,1,False,0.20752841422636503,0.043,4
19,0,0,5,0,0,1,False,0.16807125254613925,0.074,7
13,0,0,5,0,0,1,False,0.27957080706781084,0.015,2
9,0,0,2,0,0,1,False,0.1407410894997344,0.108,11
13,0,0,6,0,0,1,False,0.2728717214516792,0.016,2
13,1,0,4,0,0,1,False,0.2525251229810261,0.022,2
17,0,0,3,0,0,1,False,0.18982763998115237,0.055,6
15,0,0,6,0,0,1,False,0.2509278759785752,0.023,2
13,0,0,9,0,0,1,False,0.10559687965388997,0.17,17
16,1,0,6,0,0,1,False,0.23009868731338157,0.031,3
9,0,0,6,0,0,1,False,0.22970595281418554,0.031,3
9,0,0,4,0,0,1,False,0.2290326642015436,0.031,3
18,0,0,4,0,0,1,False,0.19078320003335358,0.054,5
23,9,1,1,1,1,-1,True,-0.08221454271179174,0.774,77
14,0,0,8,0,0,1,False,0.17776558411599003,0.065,6
10,0,0,4,0,0,1,False,0.2527221116651866,0.022,2
13,0,0,5,0,0,1,False,0.27957080706781084,0.015,2
11,1,0,7,0,0,1,False,0.20752841422636503,0.043,4
14,0,0,6,0,0,1,False,0.27226687326136667,0.017,2
17,1,0,4,0,0,1,False,0.20767709177128363,0.042,4
9,1,0,3,0,0,1,False,0.1753834013849756,0.067,7
13,0,0,3,0,0,1,False,0.24239768030875303,0.026,3
12,0,0,6,0,0,1,False,0.27446601119194086,0.016,2
12,0,0,3,0,0,1,False,0.2424135080083405,0.026,3
13,0,0,6,0,0,1,False,0.2728717214516792,0.016,2
19,1,0,5,0,0,1,False,0.16030620685513675,0.083,8
14,1,0,5,0,0,1,False,0.26061913318712415,0.02,2
16,1,0,4,0,0,1,False,0.22787139684266405,0.032,3
14,2,0,3,0,0,1,False,0.15239003360846148,0.092,9
12,0,0,4,0,0,1,False,0.2668013632516392,0.018,2
14,0,0,6,0,0,1,False,0.27226687326136667,0.017,2
12,1,0,5,0,0,1,False,0.25644798732155666,0.021,2
14,0,0,5,0,0,1,False,0.2787042429911378,0.015,2
12,1,0,4,0,0,1,False,0.24493839552526997,0.025,2
11,0,0,4,0,0,1,False,0.25692829749939733,0.021,2
16,0,0,4,0,0,1,False,0.23999367384148163,0.027,3
10,0,0,7,0,0,1,False,0.21454028672702158,0.038,4
9,0,0,5,0,0,1,False,0.23981881605871486,0.027,3
9,0,0,6,1,0,1,False,0.0033629437225365377,0.487,49
12,0,0,5,0,0,1,False,0.27750019456167535,0.015,2
12,0,0,4,0,0,1,False,0.2668013632516392,0.018,2
14,1,0,4,0,0,1,False,0.2543584010259232,0.022,2
9,1,0,4,0,0,1,False,0.20817869409103706,0.042,4
17,1,1,3,0,0,1,False,0.01854374186807406,0.431,43
17,0,0,4,0,0,1,False,0.2207109281475656,0.035,4
13,0,0,6,0,0,1,False,0.2728717214516792,0.016,2
18,0,0,6,0,0,1,False,0.1929784692103061,0.052,5
15,0,0,5,0,0,1,False,0.26361003510967734,0.019,2
18,0,0,3,0,0,1,False,0.16025279428615408,0.083,8
17,0,0,4,0,0,1,False,0.2207109281475656,0.035,4
12,0,0,7,0,0,1,False,0.24157648456283914,0.026,3
12,1,0,6,0,0,1,False,0.2522121481777815,0.022,2
14,1,0,6,0,0,1,False,0.25433482409855346,0.022,2
12,0,0,4,0,0,1,False,0.2668013632516392,0.018,2
16,1,0,6,0,0,1,False,0.23009868731338157,0.031,3
15,1,1,4,0,0,1,False,0.040004060898867766,0.354,35
0,6,1,2,1,1,-1,True,-0.048146016324263186,0.673,67
12,1,0,7,0,0,1,False,0.2203459754705493,0.035,4
19,0,0,5,0,0,1,False,0.16807125254613925,0.074,7
13,0,0,5,0,0,1,False,0.27957080706781084,0.015,2
8,2,0,5,0,0,1,False,0.12315175816535817,0.136,14
14,0,0,4,0,0,1,False,0.2720351519433694,0.017,2
17,0,0,6,0,0,1,False,0.22089650921466958,0.035,4
13,0,0,5,0,0,1,False,0.27957080706781084,0.015,2
12,0,0,2,0,0,1,False,0.17582980287948935,0.067,7
11,0,0,6,0,0,1,False,0.2622632465459336,0.019,2
14,0,0,5,0,0,1,False,0.2787042429911378,0.015,2
14,0,0,5,0,0,1,False,0.2787042429911378,0.015,2
15,0,0,5,0,0,1,False,0.26361003510967734,0.019,2
13,2,0,7,0,0,1,False,0.13998696461495252,0.109,11
8,0,0,4,0,0,1,False,0.20979810879971594,0.041,4
16,0,0,5,0,0,1,False,0.24886799914550417,0.023,2
10,0,0,8,0,0,1,False,0.15721191348122576,0.086,9
14,0,0,6,0,0,1,False,0.27226687326136667,0.017,2
12,0,0,4,0,0,1,False,0.2668013632516392,0.018,2
12,0,0,6,0,0,1,False,0.27446601119194086,0.016,2
13,1,0,6,0,0,1,False,0.25096147762873106,0.023,2
5,6,1,1,1,1,1,False,0.01581758915757059,0.441,44
13,0,0,3,1,0,1,False,1.4062421246796575e-05,0.5,50
15,1,0,5,0,0,1,False,0.2500018808181058,0.023,2
14,1,0,5,0,0,1,False,0.26061913318712415,0.02,2
8,0,0,6,1,0,-1,True,-0.002067194881089529,0.508,51
0,5,1,1,1,1,-1,True,-0.04333064469501957,0.657,66
12,2,0,6,0,0,1,False,0.17115116771092392,0.071,7
12,1,0,5,1,0,1,False,0.010565590422906057,0.46,46
13,2,0,4,0,0,1,False,0.1869725502358604,0.057,6
14,1,0,7,0,0,1,False,0.22577857383933858,0.033,3
1,9,1,1,1,1,-1,True,-0.02974441630757474,0.61,61
8,0,0,5,0,0,1,False,0.22109679333722643,0.035,4
12,0,0,6,0,0,1,False,0.27446601119194086,0.016,2
12,0,0,3,0,0,1,False,0.2424135080083405,0.026,3
12,0,0,6,0,0,1,False,0.27446601119194086,0.016,2
13,0,0,4,0,0,1,False,0.2695790298388857,0.017,2
12,1,0,5,0,0,1,False,0.25644798732155666,0.021,2
13,1,0,6,0,0,1,False,0.25096147762873106,0.023,2
10,1,0,5,0,0,1,False,0.24226344655490284,0.026,3
10,1,0,3,0,0,1,False,0.20192611235224206,0.046,5
9,0,0,6,0,0,1,False,0.22970595281418554,0.031,3
12,1,0,2,0,0,1,False,0.15756081439291414,0.086,9
10,1,0,5,0,0,1,False,0.24226344655490284,0.026,3
8,0,0,7,0,0,1,False,0.1721197643707828,0.07,7
16,1,0,4,0,0,1,False,0.22787139684266405,0.032,3
16,1,0,7,0,0,1,False,0.19892503806248651,0.048,5
0,7,1,2,1,1,-1,True,-0.04601902683931003,0.666,67
18,1,0,5,0,0,1,False,0.19144368454028543,0.054,5
11,0,0,6,0,0,1,False,0.2622632465459336,0.019,2
10,1,0,4,0,0,1,False,0.23245149181192437,0.03,3
16,1,0,7,0,0,1,False,0.19892503806248651,0.048,5
12,2,0,6,0,0,1,False,0.17115116771092392,0.071,7
10,0,0,4,0,0,1,False,0.2527221116651866,0.022,2
13,0,0,6,0,0,1,False,0.2728717214516792,0.016,2
19,1,0,5,0,0,1,False,0.16030620685513675,0.083,8
16,1,0,8,0,0,1,False,0.1525415912075987,0.092,9
8,1,0,5,0,0,1,False,0.18538351977253115,0.058,6
13,0,0,4,0,0,1,False,0.2695790298388857,0.017,2
16,1,0,5,0,0,1,False,0.23620976619742767,0.028,3
12,0,0,4,0,0,1,False,0.2668013632516392,0.018,2
19,1,0,6,0,0,1,False,0.14333898354995322,0.104,10
10,1,0,4,0,0,1,False,0.23245149181192437,0.03,3
12,0,1,7,0,0,1,False,0.01660732492191863,0.438,44
14,1,0,6,0,0,1,False,0.25433482409855346,0.022,2
12,0,0,8,0,0,1,False,0.18106854844490405,0.062,6
4,5,1,1,1,1,-1,True,-0.004974215285118877,0.519,52
14,0,0,6,0,0,1,False,0.27226687326136667,0.017,2
16,0,0,3,0,0,1,False,0.2136127108198545,0.039,4
8,2,0,9,0,0,1,False,0.01668401124875929,0.438,44
18,0,1,7,1,0,-1,True,-0.06936242821039484,0.739,74
10,1,0,6,0,0,1,False,0.2352928246597707,0.028,3
8,0,0,8,0,0,1,False,0.1165574496361006,0.148,15
10,1,0,3,0,0,1,False,0.20192611235224206,0.046,5
12,1,0,5,0,0,1,False,0.25644798732155666,0.021,2
11,2,0,5,0,0,1,False,0.1723916587267359,0.07,7
12,0,0,6,0,0,1,False,0.27446601119194086,0.016,2
19,2,0,6,0,0,1,False,0.07935183808553936,0.233,23
15,0,0,8,0,0,1,False,0.1637085305862433,0.079,8
11,2,0,4,0,0,1,False,0.1732836153061788,0.069,7
8,0,0,6,0,0,1,False,0.21281135917821375,0.039,4
12,0,0,5,0,0,1,False,0.27750019456167535,0.015,2
15,1,0,4,0,0,1,False,0.24278016401002095,0.026,3
17,1,0,8,0,0,1,False,0.1373561183860592,0.113,11
14,0,0,4,0,0,1,False,0.2720351519433694,0.017,2
19,1,0,6,0,0,1,False,0.14333898354995322,0.104,10
14,0,0,4,0,0,1,False,0.2720351519433694,0.017,2
4,8,0,1,1,1,-1,True,-0.059780160281647454,0.71,71
11,0,0,6,0,0,1,False,0.2622632465459336,0.019,2
10,0,0,3,0,0,1,False,0.22468651304429071,0.033,3
12,0,0,6,0,0,1,False,0.27446601119194086,0.016,2
9,1,0,6,0,0,1,False,0.20653482162745102,0.043,4
14,1,0,7,0,0,1,False,0.22577857383933858,0.033,3
14,0,0,4,0,0,1,False,0.2720351519433694,0.017,2
12,1,0,4,0,0,1,False,0.24493839552526997,0.025,2
15,0,0,5,0,0,1,False,0.26361003510967734,0.019,2
8,0,0,5,0,0,1,False,0.22109679333722643,0.035,4
17,0,0,5,0,0,1,False,0.2306263908457994,0.03,3
14,2,0,5,1,0,-1,True,-0.006921466363209117,0.526,53
16,1,0,7,0,0,1,False,0.19892503806248651,0.048,5
14,0,0,7,0,0,1,False,0.24275899498710196,0.026,3
17,1,0,4,0,0,1,False,0.20767709177128363,0.042,4
14,0,0,4,0,0,1,False,0.2720351519433694,0.017,2
10,0,0,4,0,0,1,False,0.2527221116651866,0.022,2
14,0,0,7,0,0,1,False,0.24275899498710196,0.026,3
8,0,0,6,0,0,1,False,0.21281135917821375,0.039,4
10,1,0,5,0,0,1,False,0.24226344655490284,0.026,3
13,0,0,6,0,0,1,False,0.2728717214516792,0.016,2
12,2,0,5,0,0,1,False,0.18308321946728628,0.06,6
8,1,0,6,0,0,1,False,0.18310750025220446,0.06,6
11,1,0,2,0,0,1,False,0.15671226768390872,0.087,9
10,0,0,3,0,0,1,False,0.22468651304429071,0.033,3
14,0,0,3,0,0,1,False,0.2449665206825658,0.025,2
15,0,0,5,0,0,1,False,0.26361003510967734,0.019,2
14,0,0,6,0,0,1,False,0.27226687326136667,0.017,2
15,0,0,5,0,0,1,False,0.26361003510967734,0.019,2
11,0,0,5,0,0,1,False,0.26815695216832963,0.018,2
10,1,0,5,0,0,1,False,0.24226344655490284,0.026,3
12,0,0,4,0,0,1,False,0.2668013632516392,0.018,2
11,0,0,3,0,0,1,False,0.23197784331585825,0.03,3
10,0,0,6,0,0,1,False,0.2529251261557989,0.022,2
17,0,0,4,0,0,1,False,0.2207109281475656,0.035,4
16,2,0,6,0,0,1,False,0.14295766087868378,0.105,10
8,1,0,2,0,0,1,False,0.10651970421202661,0.168,17
15,0,0,5,0,0,1,False,0.26361003510967734,0.019,2
10,0,0,4,0,0,1,False,0.2527221116651866,0.022,2
19,0,0,6,0,0,1,False,0.14868838178116572,0.097,10
13,0,0,5,0,0,1,False,0.27957080706781084,0.015,2
14,1,0,6,0,0,1,False,0.25433482409855346,0.022,2
15,1,0,4,0,0,1,False,0.24278016401002095,0.026,3
13,1,0,7,0,0,1,False,0.22409739388271105,0.034,3
9,1,0,5,0,0,1,False,0.21480238211393105,0.038,4
9,0,0,8,0,0,1,False,0.13792805019033438,0.112,11
12,0,0,5,0,0,1,False,0.27750019456167535,0.015,2
10,1,0,5,0,0,1,False,0.24226344655490284,0.026,3
14,1,0,7,0,0,1,False,0.22577857383933858,0.033,3
5,6,1,1,1,1,1,False,0.01581758915757059,0.441,44
13,0,0,5,0,0,1,False,0.27957080706781084,0.015,2
11,0,0,2,0,0,1,False,0.1684309926715068,0.074,7
15,1,0,4,0,0,1,False,0.24278016401002095,0.026,3
12,0,0,6,0,0,1,False,0.27446601119194086,0.016,2
14,0,0,4,0,0,1,False,0.2720351519433694,0.017,2
11,1,0,6,0,0,1,False,0.24389307450081105,0.025,2
11,0,0,7,0,0,1,False,0.22615666210004337,0.033,3
18,1,0,5,0,0,1,False,0.19144368454028543,0.054,5
1,5,1,1,1,1,-1,True,-0.027988392474695645,0.603,60
17,2,0,6,0,0,1,False,0.12744279109730183,0.129,13
9,0,0,5,0,0,1,False,0.23981881605871486,0.027,3
11,0,0,6,0,0,1,False,0.2622632465459336,0.019,2
12,1,0,5,0,0,1,False,0.25644798732155666,0.021,2
11,2,0,7,0,0,1,False,0.12156065571486974,0.139,14
2,8,1,1,1,1,-1,True,-0.0006535518794223982,0.502,50
12,0,0,3,0,0,1,False,0.2424135080083405,0.026,3
10,0,0,6,0,0,1,False,0.2529251261557989,0.022,2
16,0,0,7,0,0,1,False,0.19839510315578945,0.049,5
8,0,0,6,0,0,1,False,0.21281135917821375,0.039,4
15,0,0,3,0,0,1,False,0.23130093420933495,0.03,3
13,0,0,6,0,0,1,False,0.2728717214516792,0.016,2
12,2,0,4,0,0,1,False,0.18098680589399457,0.062,6
8,0,0,2,0,0,1,False,0.1348661993007364,0.117,12
10,0,0,5,0,0,1,False,0.2608781323907424,0.02,2
13,1,0,5,0,0,1,False,0.2591829676451295,0.02,2
9,1,0,5,0,0,1,False,0.21480238211393105,0.038,4
14,0,0,6,0,0,1,False,0.27226687326136667,0.017,2
12,0,0,6,0,0,1,False,0.27446601119194086,0.016,2
5,10,1,1,1,1,-1,True,-0.02391225485609194,0.589,59
13,0,0,5,0,0,1,False,0.27957080706781084,0.015,2
12,0,0,6,0,0,1,False,0.27446601119194086,0.016,2
15,0,0,4,0,0,1,False,0.25508988538103444,0.021,2
15,0,0,6,0,0,1,False,0.2509278759785752,0.023,2
18,1,0,4,0,0,1,False,0.17915927757072614,0.064,6
17,1,0,2,0,0,1,False,0.10399229839026147,0.174,17
13,0,0,7,0,0,1,False,0.24126296162429944,0.026,3
9,1,0,7,0,0,1,False,0.17147384121081094,0.071,7
13,0,0,8,0,0,1,False,0.18195876488303725,0.061,6
12,0,0,6,0,0,1,False,0.27446601119194086,0.016,2
10,1,0,5,0,0,1,False,0.24226344655490284,0.026,3
13,1,0,4,0,0,1,False,0.2525251229810261,0.022,2
14,0,0,3,0,0,1,False,0.2449665206825658,0.025,2
11,0,0,4,0,0,1,False,0.25692829749939733,0.021,2
16,1,0,7,0,0,1,False,0.19892503806248651,0.048,5
13,1,0,4,0,0,1,False,0.2525251229810261,0.022,2
19,0,0,3,0,0,1,False,0.1280075313289717,0.128,13
17,2,0,5,0,0,1,False,0.13205419412763264,0.121,12
16,0,0,6,0,0,1,False,0.23242911192744115,0.03,3
18,1,0,6,0,0,1,False,0.17799902873385026,0.065,6
14,0,0,3,0,0,1,False,0.2449665206825658,0.025,2
12,0,0,7,0,0,1,False,0.24157648456283914,0.026,3
12,0,0,2,0,0,1,False,0.17582980287948935,0.067,7
10,1,0,5,0,0,1,False,0.24226344655490284,0.026,3
15,0,0,7,0,0,1,False,0.22103884856499756,0.035,4
11,0,0,5,0,0,1,False,0.26815695216832963,0.018,2
11,1,0,4,0,0,1,False,0.23946900624231726,0.027,3
16,0,0,6,0,0,1,False,0.23242911192744115,0.03,3
10,0,0,6,0,0,1,False,0.2529251261557989,0.022,2
16,0,1,4,0,0,1,False,0.03984806034047084,0.355,36
11,0,0,5,0,0,1,False,0.26815695216832963,0.018,2
12,1,0,6,0,0,1,False,0.2522121481777815,0.022,2
9,0,0,5,0,0,1,False,0.23981881605871486,0.027,3
15,1,0,3,0,0,1,False,0.20975268498486405,0.041,4
13,0,0,7,0,0,1,False,0.24126296162429944,0.026,3
14,1,0,6,0,0,1,False,0.25433482409855346,0.022,2
19,0,0,3,0,0,1,False,0.1280075313289717,0.128,13
23,8,1,2,1,1,-1,True,-0.08450353953637102,0.78,78
14,2,0,4,0,0,1,False,0.18288470913978494,0.06,6
16,1,0,4,0,0,1,False,0.22787139684266405,0.032,3
16,2,0,7,0,0,1,False,0.11027434727202001,0.161,16
10,0,0,2,0,0,1,False,0.16161547786583114,0.081,8
16,1,0,5,0,0,1,False,0.23620976619742767,0.028,3
16,0,0,5,0,0,1,False,0.24886799914550417,0.023,2
15,1,0,6,0,0,1,False,0.24143414760338788,0.026,3
9,0,0,6,0,0,1,False,0.22970595281418554,0.031,3
12,0,0,3,0,0,1,False,0.2424135080083405,0.026,3
18,1,0,5,0,0,1,False,0.19144368454028543,0.054,5
11,0,0,5,0,0,1,False,0.26815695216832963,0.018,2
12,0,0,6,1,0,1,False,0.020635000843005957,0.423,42
13,1,0,5,0,0,1,False,0.2591829676451295,0.02,2
11,0,0,6,0,0,1,False,0.2622632465459336,0.019,2
13,0,0,5,0,0,1,False,0.27957080706781084,0.015,2
8,0,0,6,0,0,1,False,0.21281135917821375,0.039,4
13,1,0,7,0,0,1,False,0.22409739388271105,0.034,3
17,0,0,4,0,0,1,False,0.2207109281475656,0.035,4
14,2,0,7,0,0,1,False,0.14086033739949977,0.108,11
11,0,0,4,0,0,1,False,0.25692829749939733,0.021,2
9,0,0,3,0,0,1,False,0.20051837998741928,0.047,5
12,0,1,4,0,0,1,False,0.04731920458858141,0.33,33
10,1,0,7,0,0,1,False,0.19975917180026104,0.048,5
15,1,0,4,0,0,1,False,0.24278016401002095,0.026,3
16,0,0,4,0,0,1,False,0.23999367384148163,0.027,3
19,0,0,4,0,0,1,False,0.15414663446794558,0.09,9
10,0,0,6,0,0,1,False,0.2529251261557989,0.022,2
11,0,0,5,0,0,1,False,0.26815695216832963,0.018,2
10,0,0,6,0,0,1,False,0.2529251261557989,0.022,2
13,1,0,7,0,0,1,False,0.22409739388271105,0.034,3
12,0,0,2,0,0,1,False,0.17582980287948935,0.067,7
16,0,0,3,0,0,1,False,0.2136127108198545,0.039,4
16,0,0,5,0,0,1,False,0.24886799914550417,0.023,2
10,0,1,7,0,0,1,False,0.0036038565652763976,0.486,49
14,0,0,5,0,0,1,False,0.2787042429911378,0.015,2
19,2,0,8,0,0,1,False,0.02809403979173397,0.396,40
13,1,0,5,0,0,1,False,0.2591829676451295,0.02,2
12,0,0,6,0,0,1,False,0.27446601119194086,0.016,2
15,0,0,4,0,0,1,False,0.25508988538103444,0.021,2
12,0,0,5,0,0,1,False,0.27750019456167535,0.015,2
13,1,0,4,0,0,1,False,0.2525251229810261,0.022,2
14,1,0,6,0,0,1,False,0.25433482409855346,0.022,2
8,0,0,7,0,0,1,False,0.1721197643707828,0.07,7
8,0,0,9,0,0,1,False,0.061236323498812584,0.285,28
14,0,0,4,0,0,1,False,0.2720351519433694,0.017,2
13,0,0,2,0,0,1,False,0.1730830885253728,0.069,7
10,0,0,7,0,0,1,False,0.21454028672702158,0.038,4
10,1,0,3,0,0,1,False,0.20192611235224206,0.046,5
15,0,0,4,0,0,1,False,0.25508988538103444,0.021,2
12,0,0,7,0,0,1,False,0.24157648456283914,0.026,3
10,1,1,2,0,0,1,False,0.01127250231742083,0.458,46
15,1,0,3,0,0,1,False,0.20975268498486405,0.041,4
12,1,0,7,0,0,1,False,0.2203459754705493,0.035,4
14,0,0,8,0,0,1,False,0.17776558411599003,0.065,6
15,0,0,3,0,0,1,False,0.23130093420933495,0.03,3
13,0,0,4,0,0,1,False,0.2695790298388857,0.017,2
14,0,0,7,0,0,1,False,0.24275899498710196,0.026,3
18,1,0,6,0,0,1,False,0.17799902873385026,0.065,6
15,1,0,3,0,0,1,False,0.20975268498486405,0.041,4
16,0,0,6,0,0,1,False,0.23242911192744115,0.03,3
14,0,0,3,0,0,1,False,0.2449665206825658,0.025,2
18,0,0,5,0,0,1,False,0.2083986316958879,0.042,4
16,1,0,6,1,0,1,False,0.0029825832349507087,0.489,49
12,0,0,6,0,0,1,False,0.27446601119194086,0.016,2
13,1,0,5,0,0,1,False,0.2591829676451295,0.02,2
9,0,0,4,0,0,1,False,0.2290326642015436,0.031,3
18,0,0,5,0,0,1,False,0.2083986316958879,0.042,4
10,1,0,5,0,0,1,False,0.24226344655490284,0.026,3
8,0,0,6,0,0,1,False,0.21281135917821375,0.039,4
11,2,0,6,0,0,1,False,0.15592791705498416,0.088,9
9,0,0,5,0,0,1,False,0.23981881605871486,0.027,3
8,1,0,3,0,0,1,False,0.1504640673730031,0.095,10
10,1,0,6,0,0,1,False,0.2352928246597707,0.028,3
13,0,0,9,0,0,1,False,0.10559687965388997,0.17,17
16,0,0,4,0,0,1,False,0.23999367384148163,0.027,3
14,1,0,4,0,0,1,False,0.2543584010259232,0.022,2
17,1,0,6,0,0,1,False,0.21302654093843942,0.039,4
17,1,0,6,0,0,1,False,0.21302654093843942,0.039,4
14,0,0,6,0,0,1,False,0.27226687326136667,0.017,2
16,2,0,3,0,0,1,False,0.122509520091167,0.137,14
13,0,0,6,0,0,1,False,0.2728717214516792,0.016,2
10,1,0,6,0,0,1,False,0.2352928246597707,0.028,3
14,0,0,7,0,0,1,False,0.24275899498710196,0.026,3
9,2,0,4,0,0,1,False,0.1417890750037465,0.107,11
13,1,0,4,0,0,1,False,0.2525251229810261,0.022,2
16,0,0,6,0,0,1,False,0.23242911192744115,0.03,3
13,0,0,4,0,0,1,False,0.2695790298388857,0.017,2
14,0,0,2,0,0,1,False,0.1680021534319845,0.074,7
11,0,0,6,0,0,1,False,0.2622632465459336,0.019,2
11,1,0,2,0,0,1,False,0.15671226768390872,0.087,9
10,0,0,4,0,0,1,False,0.2527221116651866,0.022,2
12,0,0,6,0,0,1,False,0.27446601119194086,0.016,2
15,1,0,3,0,0,1,False,0.20975268498486405,0.041,4
11,0,0,6,0,0,1,False,0.2622632465459336,0.019,2
12,0,0,6,1,0,1,False,0.020635000843005957,0.423,42
11,0,1,5,0,0,1,False,0.04106693640121195,0.351,35
17,0,0,4,0,0,1,False,0.2207109281475656,0.035,4
15,2,0,3,0,0,1,False,0.1416763881992983,0.107,11
5,6,1,2,1,1,-1,True,-0.013341343999891953,0.55,55
13,0,0,6,0,0,1,False,0.2728717214516792,0.016,2
18,0,0,2,0,0,1,False,0.09477556510350515,0.194,19
15,2,0,6,0,0,1,False,0.15921784617556722,0.084,8
8,1,0,6,0,0,1,False,0.18310750025220446,0.06,6
16,0,0,3,0,0,1,False,0.2136127108198545,0.039,4
14,0,0,5,0,0,1,False,0.2787042429911378,0.015,2
12,2,0,3,0,0,1,False,0.1452567339139117,0.102,10
12,0,1,6,0,0,1,False,0.042109252209004966,0.347,35
14,2,0,5,1,0,-1,True,-0.006921466363209117,0.526,53
16,0,0,5,0,0,1,False,0.24886799914550417,0.023,2
4,9,1,2,0,1,-1,True,-0.07107865675357705,0.744,74
12,0,0,6,0,0,1,False,0.27446601119194086,0.016,2
19,0,0,7,0,0,1,False,0.121149492005452,0.14,14
11,1,0,7,0,0,1,False,0.20752841422636503,0.043,4
10,1,0,5,0,0,1,False,0.24226344655490284,0.026,3
11,0,0,6,0,0,1,False,0.2622632465459336,0.019,2
11,2,0,5,0,0,1,False,0.1723916587267359,0.07,7
12,0,0,7,0,0,1,False,0.24157648456283914,0.026,3
16,1,0,5,0,0,1,False,0.23620976619742767,0.028,3
15,1,0,4,0,0,1,False,0.24278016401002095,0.026,3
14,0,0,4,0,0,1,False,0.2720351519433694,0.017,2
15,0,0,6,0,0,1,False,0.2509278759785752,0.023,2
12,0,0,6,0,0,1,False,0.27446601119194086,0.016,2
13,1,0,4,0,0,1,False,0.2525251229810261,0.022,2
14,2,0,7,0,0,1,False,0.14086033739949977,0.108,11
14,0,0,5,0,0,1,False,0.2787042429911378,0.015,2
13,1,0,5,0,0,1,False,0.2591829676451295,0.02,2
17,0,0,5,0,0,1,False,0.2306263908457994,0.03,3
10,0,0,4,0,0,1,False,0.2527221116651866,0.022,2
16,1,0,5,0,0,1,False,0.23620976619742767,0.028,3
12,1,0,5,0,0,1,False,0.25644798732155666,0.021,2
16,1,0,6,0,0,1,False,0.23009868731338157,0.031,3
9,1,0,5,0,0,1,False,0.21480238211393105,0.038,4
15,0,0,7,1,0,1,False,0.00496716569258826,0.481,48
15,0,0,6,0,0,1,False,0.2509278759785752,0.023,2
8,0,0,4,0,0,1,False,0.20979810879971594,0.041,4
11,0,0,5,0,0,1,False,0.26815695216832963,0.018,2
12,1,0,3,0,0,1,False,0.21043117361717972,0.041,4
12,2,0,6,0,0,1,False,0.17115116771092392,0.071,7
15,1,0,5,0,0,1,False,0.2500018808181058,0.023,2
13,0,0,6,0,0,1,False,0.2728717214516792,0.016,2
12,0,0,3,0,0,1,False,0.2424135080083405,0.026,3
13,0,0,5,0,0,1,False,0.27957080706781084,0.015,2
16,0,0,5,0,0,1,False,0.24886799914550417,0.023,2
16,1,0,4,0,0,1,False,0.22787139684266405,0.032,3
17,1,0,6,0,0,1,False,0.21302654093843942,0.039,4
13,0,0,4,0,0,1,False,0.2695790298388857,0.017,2
12,1,0,6,0,0,1,False,0.2522121481777815,0.022,2
14,0,0,7,0,0,1,False,0.24275899498710196,0.026,3
16,0,0,3,0,0,1,False,0.2136127108198545,0.039,4
9,1,0,8,0,0,1,False,0.12441216874280314,0.134,13
10,0,0,7,0,0,1,False,0.21454028672702158,0.038,4
14,1,0,5,0,0,1,False,0.26061913318712415,0.02,2
3,5,1,2,1,1,-1,True,-0.024906629006418712,0.592,59
10,0,0,5,0,0,1,False,0.2608781323907424,0.02,2
13,0,0,5,0,0,1,False,0.27957080706781084,0.015,2
12,0,0,2,0,0,1,False,0.17582980287948935,0.067,7
8,0,0,5,1,0,1,False,0.0004332173309311571,0.498,50
18,1,0,5,0,0,1,False,0.19144368454028543,0.054,5
8,0,0,2,0,0,1,False,0.1348661993007364,0.117,12
9,0,0,2,0,0,1,False,0.1407410894997344,0.108,11
19,2,0,7,0,0,1,False,0.059719863260246364,0.29,29
13,0,0,4,1,0,1,False,0.0035327982856252493,0.487,49
14,1,0,8,0,0,1,False,0.1714244700151703,0.071,7
11,0,0,5,0,0,1,False,0.26815695216832963,0.018,2
19,1,0,7,0,0,1,False,0.12084793914160341,0.14,14
12,0,0,5,0,0,1,False,0.27750019456167535,0.015,2
14,0,0,3,0,0,1,False,0.2449665206825658,0.025,2
8,1,0,9,0,0,1,False,0.0560655079402107,0.301,30
19,0,0,8,0,0,1,False,0.07912435314694855,0.234,23
11,1,0,7,0,0,1,False,0.20752841422636503,0.043,4
13,2,0,4,0,0,1,False,0.1869725502358604,0.057,6
9,0,0,6,0,0,1,False,0.22970595281418554,0.031,3
14,0,0,4,0,0,1,False,0.2720351519433694,0.017,2
3,7,1,1,1,1,1,False,0.01683948601860863,0.437,44
8,1,0,6,0,0,1,False,0.18310750025220446,0.06,6
10,1,0,5,0,0,1,False,0.24226344655490284,0.026,3
13,0,0,4,0,0,1,False,0.2695790298388857,0.017,2
17,0,0,3,0,0,1,False,0.18982763998115237,0.055,6
12,1,0,5,0,0,1,False,0.25644798732155666,0.021,2
10,1,0,4,0,0,1,False,0.23245149181192437,0.03,3
9,1,0,5,0,0,1,False,0.21480238211393105,0.038,4
12,0,0,5,0,0,1,False,0.27750019456167535,0.015,2
13,0,0,6,0,0,1,False,0.2728717214516792,0.016,2
14,0,0,3,0,0,1,False,0.2449665206825658,0.025,2
11,1,0,6,0,0,1,False,0.24389307450081105,0.025,2
0,10,1,1,1,1,-1,True,-0.057138172455299396,0.702,70
10,0,0,8,0,0,1,False,0.15721191348122576,0.086,9
18,0,0,7,0,0,1,False,0.15925573117535952,0.084,8
15,0,0,4,0,0,1,False,0.25508988538103444,0.021,2
8,0,0,6,0,0,1,False,0.21281135917821375,0.039,4
14,0,0,3,0,0,1,False,0.2449665206825658,0.025,2
8,0,0,6,0,0,1,False,0.21281135917821375,0.039,4
15,0,0,6,0,0,1,False,0.2509278759785752,0.023,2
15,0,0,4,0,0,1,False,0.25508988538103444,0.021,2
14,2,0,4,0,0,1,False,0.18288470913978494,0.06,6
14,0,0,5,0,0,1,False,0.2787042429911378,0.015,2
11,1,0,6,0,0,1,False,0.24389307450081105,0.025,2
11,0,0,4,0,0,1,False,0.25692829749939733,0.021,2
14,1,0,5,0,0,1,False,0.26061913318712415,0.02,2
12,0,0,2,0,0,1,False,0.17582980287948935,0.067,7
13,0,0,7,0,0,1,False,0.24126296162429944,0.026,3
15,1,0,5,0,0,1,False,0.2500018808181058,0.023,2
10,0,0,4,0,0,1,False,0.2527221116651866,0.022,2
12,0,0,8,0,0,1,False,0.18106854844490405,0.062,6
15,1,0,5,0,0,1,False,0.2500018808181058,0.023,2
13,0,0,5,0,0,1,False,0.27957080706781084,0.015,2
12,0,0,5,0,0,1,False,0.27750019456167535,0.015,2
16,1,0,3,0,0,1,False,0.19471948426240976,0.051,5
14,0,0,6,0,0,1,False,0.27226687326136667,0.017,2
10,0,0,5,0,0,1,False,0.2608781323907424,0.02,2
15,1,0,6,0,0,1,False,0.24143414760338788,0.026,3
13,2,0,6,0,0,1,False,0.1724329278473039,0.07,7
13,0,0,6,0,0,1,False,0.2728717214516792,0.016,2
14,1,1,3,0,0,1,False,0.029160812201095232,0.392,39
14,2,0,4,0,0,1,False,0.18288470913978494,0.06,6
4,10,1,1,0,1,-1,True,-0.07899480329500985,0.766,77
12,0,0,4,0,0,1,False,0.2668013632516392,0.018,2
9,0,0,3,0,0,1,False,0.20051837998741928,0.047,5
5,7,1,1,1,1,1,False,0.018089907649971204,0.433,43
12,0,0,6,0,0,1,False,0.27446601119194086,0.016,2
12,1,0,4,0,0,1,False,0.24493839552526997,0.025,2
8,1,0,6,0,0,1,False,0.18310750025220446,0.06,6
9,1,0,4,0,0,1,False,0.20817869409103706,0.042,4
10,1,0,5,0,0,1,False,0.24226344655490284,0.026,3
18,1,0,3,0,0,1,False,0.13908839847226917,0.11,11
15,0,0,5,0,0,1,False,0.26361003510967734,0.019,2
14,0,0,5,0,0,1,False,0.2787042429911378,0.015,2
14,1,0,3,0,0,1,False,0.2185127363953806,0.036,4
1,5,0,2,1,1,-1,True,-0.06550238342209247,0.728,73
17,1,0,9,0,0,1,False,0.07745012041081567,0.238,24
14,0,0,5,0,0,1,False,0.2787042429911378,0.015,2
8,1,0,5,0,0,1,False,0.18538351977253115,0.058,6
9,2,0,4,0,0,1,False,0.1417890750037465,0.107,11
8,0,0,4,0,0,1,False,0.20979810879971594,0.041,4
14,1,0,5,0,0,1,False,0.26061913318712415,0.02,2
15,0,0,4,0,0,1,False,0.25508988538103444,0.021,2
12,0,0,4,0,0,1,False,0.2668013632516392,0.018,2
15,1,0,7,0,0,1,False,0.21390272390921589,0.039,4
18,0,0,4,0,0,1,False,0.19078320003335358,0.054,5
13,2,0,4,0,0,1,False,0.1869725502358604,0.057,6
9,0,0,3,0,0,1,False,0.20051837998741928,0.047,5
16,0,0,5,0,0,1,False,0.24886799914550417,0.023,2
14,0,0,3,0,0,1,False,0.2449665206825658,0.025,2
10,0,0,6,0,0,1,False,0.2529251261557989,0.022,2
13,0,0,7,0,0,1,False,0.24126296162429944,0.026,3
16,1,0,6,0,0,1,False,0.23009868731338157,0.031,3
12,1,0,6,0,0,1,False,0.2522121481777815,0.022,2
15,1,0,4,0,0,1,False,0.24278016401002095,0.026,3
14,1,0,6,0,0,1,False,0.25433482409855346,0.022,2
16,0,0,5,0,0,1,False,0.24886799914550417,0.023,2
9,0,0,3,0,0,1,False,0.20051837998741928,0.047,5
14,1,0,2,0,0,1,False,0.15580002467760462,0.088,9
8,0,0,5,0,0,1,False,0.22109679333722643,0.035,4
14,1,0,6,0,0,1,False,0.25433482409855346,0.022,2
13,0,0,4,0,0,1,False,0.2695790298388857,0.017,2
17,0,0,6,0,0,1,False,0.22089650921466958,0.035,4
13,0,1,3,0,0,1,False,0.03669673391947559,0.366,37
13,1,0,7,0,0,1,False,0.22409739388271105,0.034,3
14,1,0,3,0,0,1,False,0.2185127363953806,0.036,4
17,0,0,6,0,0,1,False,0.22089650921466958,0.035,4
14,1,0,2,0,0,1,False,0.15580002467760462,0.088,9
14,0,0,4,0,0,1,False,0.2720351519433694,0.017,2
8,0,0,5,0,0,1,False,0.22109679333722643,0.035,4
17,0,0,3,0,0,1,False,0.18982763998115237,0.055,6
13,2,0,2,0,0,1,False,0.11140668055983605,0.158,16
15,0,0,7,0,0,1,False,0.22103884856499756,0.035,4
16,0,0,5,0,0,1,False,0.24886799914550417,0.023,2
13,0,0,4,0,0,1,False,0.2695790298388857,0.017,2
16,2,0,4,0,0,1,False,0.14846323960389174,0.097,10
17,1,0,7,0,0,1,False,0.18328305833711012,0.06,6
10,0,0,5,0,0,1,False,0.2608781323907424,0.02,2
23,9,1,1,1,1,-1,True,-0.08221454271179174,0.774,77
11,0,0,7,0,0,1,False,0.22615666210004337,0.033,3
15,0,0,5,0,0,1,False,0.26361003510967734,0.019,2
11,0,0,4,0,0,1,False,0.25692829749939733,0.021,2
17,0,0,7,0,0,1,False,0.18416306661181525,0.059,6
14,0,0,6,0,0,1,False,0.27226687326136667,0.017,2
13,1,0,3,0,0,1,False,0.21553093693353648,0.038,4
14,1,0,7,0,0,1,False,0.22577857383933858,0.033,3
5,5,1,1,1,1,-1,True,-0.003283606409610562,0.512,51
13,0,0,7,0,0,1,False,0.24126296162429944,0.026,3
16,1,1,6,0,0,1,False,0.022652127201899352,0.416,42
13,0,0,5,0,0,1,False,0.27957080706781084,0.015,2
14,1,0,2,0,0,1,False,0.15580002467760462,0.088,9
15,2,0,3,0,0,1,False,0.1416763881992983,0.107,11
14,1,0,4,0,0,1,False,0.2543584010259232,0.022,2
8,0,0,9,0,0,1,False,0.061236323498812584,0.285,28
14,2,1,5,0,0,1,False,0.01828107003209334,0.432,43
11,0,0,6,0,0,1,False,0.2622632465459336,0.019,2
11,0,0,3,0,0,1,False,0.23197784331585825,0.03,3
15,0,0,3,0,0,1,False,0.23130093420933495,0.03,3
13,0,0,8,0,0,1,False,0.18195876488303725,0.061,6
14,1,0,5,0,0,1,False,0.26061913318712415,0.02,2
11,0,0,5,0,0,1,False,0.26815695216832963,0.018,2
12,0,1,8,0,0,-1,True,-0.00026718600368924594,0.501,50
15,1,0,7,0,0,1,False,0.21390272390921589,0.039,4
16,1,0,5,0,0,1,False,0.23620976619742767,0.028,3
12,0,0,3,0,0,1,False,0.2424135080083405,0.026,3
11,1,0,3,0,0,1,False,0.20890448740976714,0.042,4
14,0,1,4,0,0,1,False,0.04567763205034969,0.335,34
9,0,0,3,0,0,1,False,0.20051837998741928,0.047,5
17,0,0,6,0,0,1,False,0.22089650921466958,0.035,4
14,1,0,5,0,0,1,False,0.26061913318712415,0.02,2
18,0,0,8,0,0,1,False,0.11067027511299865,0.16,16
8,0,0,5,0,0,1,False,0.22109679333722643,0.035,4
13,0,0,4,0,0,1,False,0.2695790298388857,0.017,2
13,0,0,6,0,0,1,False,0.2728717214516792,0.016,2
17,0,0,4,0,0,1,False,0.2207109281475656,0.035,4
14,1,0,4,0,0,1,False,0.2543584010259232,0.022,2
8,0,0,4,0,0,1,False,0.20979810879971594,0.041,4
10,1,0,5,0,0,1,False,0.24226344655490284,0.026,3
9,0,0,5,0,0,1,False,0.23981881605871486,0.027,3
17,0,0,5,0,0,1,False,0.2306263908457994,0.03,3
15,0,0,4,0,0,1,False,0.25508988538103444,0.021,2
14,1,0,7,0,0,1,False,0.22577857383933858,0.033,3
3,9,1,1,1,1,-1,True,-0.009715836638292896,0.536,54
18,0,0,7,0,0,1,False,0.15925573117535952,0.084,8
11,2,0,5,0,0,1,False,0.1723916587267359,0.07,7
15,0,0,4,0,0,1,False,0.25508988538103444,0.021,2
15,1,0,5,0,0,1,False,0.2500018808181058,0.023,2
17,0,0,3,0,0,1,False,0.18982763998115237,0.055,6
8,0,0,5,0,0,1,False,0.22109679333722643,0.035,4
14,0,0,5,0,0,1,False,0.2787042429911378,0.015,2
10,0,0,6,0,0,1,False,0.2529251261557989,0.022,2
9,0,0,5,0,0,1,False,0.23981881605871486,0.027,3
12,0,0,3,0,0,1,False,0.2424135080083405,0.026,3
23,8,1,1,1,1,-1,True,-0.07406892491340777,0.752,75
11,1,0,5,0,0,1,False,0.2485820424194679,0.023,2
5,7,1,1,1,1,1,False,0.018089907649971204,0.433,43
14,0,0,5,0,0,1,False,0.2787042429911378,0.015,2
10,0,0,6,0,0,1,False,0.2529251261557989,0.022,2
16,1,0,8,0,0,1,False,0.1525415912075987,0.092,9
12,1,0,5,0,0,1,False,0.25644798732155666,0.021,2
14,0,1,6,0,0,1,False,0.036906442928630656,0.365,36
14,1,0,4,0,0,1,False,0.2543584010259232,0.022,2
12,0,0,6,0,0,1,False,0.27446601119194086,0.016,2
15,2,0,5,0,0,1,False,0.17245143558710874,0.07,7
23,10,1,2,0,1,-1,True,-0.10265104954952065,0.823,82
14,1,0,9,0,0,1,False,0.10396137072794553,0.174,17
14,1,0,3,0,0,1,False,0.2185127363953806,0.036,4
1,10,1,2,1,1,-1,True,-0.06315694056720489,0.721,72
14,1,0,5,0,0,1,False,0.26061913318712415,0.02,2
14,2,0,8,0,0,1,False,0.09732536074722531,0.188,19
12,0,0,5,0,0,1,False,0.27750019456167535,0.015,2
12,2,0,6,0,0,1,False,0.17115116771092392,0.071,7
14,1,0,6,0,0,1,False,0.25433482409855346,0.022,2
15,1,0,3,0,0,1,False,0.20975268498486405,0.041,4
23,10,1,1,1,1,-1,True,-0.09276629861978114,0.801,80
10,0,0,5,0,0,1,False,0.2608781323907424,0.02,2
23,6,1,2,1,1,-1,True,-0.0751024137634555,0.755,76
13,1,0,7,0,0,1,False,0.22409739388271105,0.034,3
12,1,0,3,0,0,1,False,0.21043117361717972,0.041,4
10,1,0,6,0,0,1,False,0.2352928246597707,0.028,3
4,7,1,2,1,1,-1,True,-0.015509070413820214,0.558,56
15,0,0,5,0,0,1,False,0.26361003510967734,0.019,2
10,0,0,4,0,0,1,False,0.2527221116651866,0.022,2
2,7,1,2,0,1,-1,True,-0.062431997853631405,0.718,72
12,2,0,6,1,0,-1,True,-0.012411476352405026,0.546,55
16,0,0,3,0,0,1,False,0.2136127108198545,0.039,4
13,0,0,6,0,0,1,False,0.2728717214516792,0.016,2
10,0,0,2,0,0,1,False,0.16161547786583114,0.081,8
14,0,0,7,0,0,1,False,0.24275899498710196,0.026,3
11,0,0,5,0,0,1,False,0.26815695216832963,0.018,2
8,0,0,3,0,0,1,False,0.18822204807231552,0.056,6
3,5,1,1,0,1,-1,True,-0.05587675103222134,0.698,70
14,0,0,4,0,0,1,False,0.2720351519433694,0.017,2
14,2,0,6,0,0,1,False,0.17236954502524438,0.07,7
4,8,0,1,1,1,-1,True,-0.059780160281647454,0.71,71
19,0,0,7,0,0,1,False,0.121149492005452,0.14,14
13,1,0,7,0,0,1,False,0.22409739388271105,0.034,3
8,0,0,3,0,0,1,False,0.18822204807231552,0.056,6
10,0,0,4,0,0,1,False,0.2527221116651866,0.022,2
2,7,1,1,1,1,1,False,0.013134147550909137,0.451,45
16,0,0,5,0,0,1,False,0.24886799914550417,0.023,2
14,1,0,3,0,0,1,False,0.2185127363953806,0.036,4
19,0,0,6,0,0,1,False,0.14868838178116572,0.097,10
12,0,0,3,0,0,1,False,0.2424135080083405,0.026,3
15,1,0,6,0,0,1,False,0.24143414760338788,0.026,3
10,1,0,4,0,0,1,False,0.23245149181192437,0.03,3
17,0,0,4,0,0,1,False,0.2207109281475656,0.035,4
13,0,0,6,0,0,1,False,0.2728717214516792,0.016,2
9,0,0,5,0,0,1,False,0.23981881605871486,0.027,3
13,0,0,4,0,0,1,False,0.2695790298388857,0.017,2
11,1,0,5,0,0,1,False,0.2485820424194679,0.023,2
12,1,0,6,0,0,1,False,0.2522121481777815,0.022,2
12,0,0,5,0,0,1,False,0.27750019456167535,0.015,2
10,0,0,5,0,0,1,False,0.2608781323907424,0.02,2
12,1,0,5,0,0,1,False,0.25644798732155666,0.021,2
12,1,0,8,0,0,1,False,0.16524175491728887,0.077,8
9,0,0,5,0,0,1,False,0.23981881605871486,0.027,3
17,0,0,5,1,0,1,False,0.009167738620241006,0.466,47
13,2,0,5,0,0,1,False,0.18649923030252247,0.057,6
15,0,0,4,0,0,1,False,0.25508988538103444,0.021,2
13,1,0,5,0,0,1,False,0.2591829676451295,0.02,2
9,0,0,6,0,0,1,False,0.22970595281418554,0.031,3
13,0,0,7,0,0,1,False,0.24126296162429944,0.026,3
19,1,0,5,0,0,1,False,0.16030620685513675,0.083,8
12,0,0,7,0,0,1,False,0.24157648456283914,0.026,3
10,0,0,3,0,0,1,False,0.22468651304429071,0.033,3
12,1,0,8,0,0,1,False,0.16524175491728887,0.077,8
18,0,0,5,0,0,1,False,0.2083986316958879,0.042,4
13,1,0,4,0,0,1,False,0.2525251229810261,0.022,2
11,0,0,9,0,0,1,False,0.09609969914944883,0.191,19
15,1,0,5,0,0,1,False,0.2500018808181058,0.023,2
11,0,0,4,0,0,1,False,0.25692829749939733,0.021,2
14,0,0,5,0,0,1,False,0.2787042429911378,0.015,2
10,2,0,2,0,0,1,False,0.09107316302596125,0.203,20
12,2,0,3,0,0,1,False,0.1452567339139117,0.102,10
12,0,0,4,0,0,1,False,0.2668013632516392,0.018,2
13,1,0,4,0,0,1,False,0.2525251229810261,0.022,2
10,0,0,5,0,0,1,False,0.2608781323907424,0.02,2
9,2,0,3,0,0,1,False,0.11037661739551508,0.16,16
8,1,0,6,0,0,1,False,0.18310750025220446,0.06,6
14,1,0,5,0,0,1,False,0.26061913318712415,0.02,2
17,0,0,5,0,0,1,False,0.2306263908457994,0.03,3
10,0,0,4,0,0,1,False,0.2527221116651866,0.022,2
13,0,1,6,0,0,1,False,0.03988337333890901,0.355,36
11,0,0,8,0,0,1,False,0.16804252440393136,0.074,7
13,0,0,5,0,0,1,False,0.27957080706781084,0.015,2
14,0,0,5,0,0,1,False,0.2787042429911378,0.015,2
8,1,0,6,0,0,1,False,0.18310750025220446,0.06,6
12,2,0,5,0,0,1,False,0.18308321946728628,0.06,6
8,0,0,6,0,0,1,False,0.21281135917821375,0.039,4
8,0,1,4,0,0,1,False,0.02741732321566781,0.399,40
15,0,0,7,0,0,1,False,0.22103884856499756,0.035,4
14,1,0,7,0,0,1,False,0.22577857383933858,0.033,3
17,0,0,3,0,0,1,False,0.18982763998115237,0.055,6
13,0,0,4,0,0,1,False,0.2695790298388857,0.017,2
8,0,0,3,0,0,1,False,0.18822204807231552,0.056,6
14,0,0,6,0,0,1,False,0.27226687326136667,0.017,2
1,10,1,2,1,1,-1,True,-0.06315694056720489,0.721,72
12,1,0,5,0,0,1,False,0.25644798732155666,0.021,2
15,0,0,3,0,0,1,False,0.23130093420933495,0.03,3
14,2,0,5,0,0,1,False,0.18336934966142565,0.06,6
8,0,0,2,0,0,1,False,0.1348661993007364,0.117,12
12,0,0,5,0,0,1,False,0.27750019456167535,0.015,2
14,0,0,3,0,0,1,False,0.2449665206825658,0.025,2
16,1,0,8,0,0,1,False,0.1525415912075987,0.092,9
13,0,0,6,0,0,1,False,0.2728717214516792,0.016,2
11,0,0,5,0,0,1,False,0.26815695216832963,0.018,2
10,0,0,3,0,0,1,False,0.22468651304429071,0.033,3
14,0,0,5,0,0,1,False,0.2787042429911378,0.015,2
16,0,0,5,0,0,1,False,0.24886799914550417,0.023,2
8,0,0,4,0,0,1,False,0.20979810879971594,0.041,4
12,0,0,4,0,0,1,False,0.2668013632516392,0.018,2
10,0,0,6,0,0,1,False,0.2529251261557989,0.022,2
12,0,0,6,0,0,1,False,0.27446601119194086,0.016,2
10,1,1,2,0,0,1,False,0.01127250231742083,0.458,46
10,2,0,6,0,0,1,False,0.14436388893818342,0.103,10
15,0,0,3,0,0,1,False,0.23130093420933495,0.03,3
13,0,0,4,0,0,1,False,0.2695790298388857,0.017,2
18,2,0,6,0,0,1,False,0.10247049793984786,0.177,18
13,0,0,6,0,0,1,False,0.2728717214516792,0.016,2
11,1,0,4,0,0,1,False,0.23946900624231726,0.027,3
11,1,0,7,0,0,1,False,0.20752841422636503,0.043,4
15,0,0,6,0,0,1,False,0.2509278759785752,0.023,2
16,0,0,3,0,0,1,False,0.2136127108198545,0.039,4
10,0,0,4,0,0,1,False,0.2527221116651866,0.022,2
13,2,0,4,0,0,1,False,0.1869725502358604,0.057,6
8,0,0,2,0,0,1,False,0.1348661993007364,0.117,12
14,1,0,3,0,0,1,False,0.2185127363953806,0.036,4
8,0,0,6,0,0,1,False,0.21281135917821375,0.039,4
17,0,0,5,0,0,1,False,0.2306263908457994,0.03,3
14,0,0,2,0,0,1,False,0.1680021534319845,0.074,7
2,5,0,1,1,1,-1,True,-0.0541425349850817,0.693,69
14,2,0,7,0,0,1,False,0.14086033739949977,0.108,11
14,2,0,6,0,0,1,False,0.17236954502524438,0.07,7
10,0,0,5,0,0,1,False,0.2608781323907424,0.02,2
14,0,0,6,0,0,1,False,0.27226687326136667,0.017,2
8,0,0,5,0,0,1,False,0.22109679333722643,0.035,4
11,1,0,6,0,0,1,False,0.24389307450081105,0.025,2
12,0,0,8,0,0,1,False,0.18106854844490405,0.062,6
14,0,0,6,0,0,1,False,0.27226687326136667,0.017,2
13,2,0,7,0,0,1,False,0.13998696461495252,0.109,11
14,1,0,4,0,0,1,False,0.2543584010259232,0.022,2
14,0,0,4,0,0,1,False,0.2720351519433694,0.017,2
16,0,0,6,0,0,1,False,0.23242911192744115,0.03,3
1,10,0,1,0,1,-1,True,-0.0786964836999906,0.765,76
18,1,0,6,0,0,1,False,0.17799902873385026,0.065,6
17,1,0,5,0,0,1,False,0.21844062168216877,0.036,4
14,0,0,5,0,0,1,False,0.2787042429911378,0.015,2
19,0,0,4,0,0,1,False,0.15414663446794558,0.09,9
11,1,0,7,0,0,1,False,0.20752841422636503,0.043,4
13,0,0,3,0,0,1,False,0.24239768030875303,0.026,3
9,0,0,2,0,0,1,False,0.1407410894997344,0.108,11
14,0,1,7,0,0,1,False,0.009929456225326927,0.463,46
15,0,0,3,0,0,1,False,0.23130093420933495,0.03,3
10,0,0,3,0,0,1,False,0.22468651304429071,0.033,3
13,2,0,5,0,0,1,False,0.18649923030252247,0.057,6
13,0,0,4,0,0,1,False,0.2695790298388857,0.017,2
17,2,0,3,0,0,1,False,0.10173405506032296,0.179,18
12,0,0,2,0,0,1,False,0.17582980287948935,0.067,7
16,0,0,7,0,0,1,False,0.19839510315578945,0.049,5
12,0,0,4,0,0,1,False,0.2668013632516392,0.018,2
8,0,0,5,0,0,1,False,0.22109679333722643,0.035,4
13,1,0,5,0,0,1,False,0.2591829676451295,0.02,2
2,6,1,1,1,1,1,False,0.008718119301305505,0.467,47
11,1,0,6,0,0,1,False,0.24389307450081105,0.025,2
12,0,0,5,0,0,1,False,0.27750019456167535,0.015,2
15,1,0,6,0,0,1,False,0.24143414760338788,0.026,3
11,1,0,5,1,0,1,False,0.0017708877095455877,0.493,49
15,2,0,5,0,0,1,False,0.17245143558710874,0.07,7
3,5,1,2,0,1,-1,True,-0.052822000391156254,0.688,69
12,0,0,5,0,0,1,False,0.27750019456167535,0.015,2
19,2,0,4,0,0,1,False,0.08310369460494682,0.223,22
17,0,0,6,0,0,1,False,0.22089650921466958,0.035,4
13,1,0,5,0,0,1,False,0.2591829676451295,0.02,2
14,0,0,5,0,0,1,False,0.2787042429911378,0.015,2
13,0,0,3,0,0,1,False,0.24239768030875303,0.026,3
19,0,0,5,0,0,1,False,0.16807125254613925,0.074,7
11,0,0,5,0,0,1,False,0.26815695216832963,0.018,2
0,7,1,2,1,1,-1,True,-0.04601902683931003,0.666,67
17,0,0,6,0,0,1,False,0.22089650921466958,0.035,4
13,0,0,4,0,0,1,False,0.2695790298388857,0.017,2
14,0,0,5,1,0,1,False,0.018878931001067967,0.43,43
8,2,0,4,0,0,1,False,0.12493878404236847,0.133,13
10,2,0,5,1,0,-1,True,-0.013096445762815656,0.549,55
9,0,0,5,0,0,1,False,0.23981881605871486,0.027,3
17,0,0,4,0,0,1,False,0.2207109281475656,0.035,4
16,0,0,4,0,0,1,False,0.23999367384148163,0.027,3
8,1,0,5,0,0,1,False,0.18538351977253115,0.058,6
11,0,0,8,0,0,1,False,0.16804252440393136,0.074,7
15,2,0,7,0,0,1,False,0.12811960657930455,0.128,13
11,0,1,5,0,0,1,False,0.04106693640121195,0.351,35
14,0,0,5,0,0,1,False,0.2787042429911378,0.015,2
16,0,0,4,0,0,1,False,0.23999367384148163,0.027,3
14,0,0,6,0,0,1,False,0.27226687326136667,0.017,2
12,0,0,5,0,0,1,False,0.27750019456167535,0.015,2
9,0,0,5,0,0,1,False,0.23981881605871486,0.027,3
11,0,0,2,0,0,1,False,0.1684309926715068,0.074,7
10,0,0,5,0,0,1,False,0.2608781323907424,0.02,2
10,1,0,4,0,0,1,False,0.23245149181192437,0.03,3
14,2,0,3,0,0,1,False,0.15239003360846148,0.092,9
14,0,0,5,0,0,1,False,0.2787042429911378,0.015,2
14,0,0,2,0,0,1,False,0.1680021534319845,0.074,7
19,0,0,5,0,0,1,False,0.16807125254613925,0.074,7
8,0,0,7,0,0,1,False,0.1721197643707828,0.07,7
10,0,0,5,0,0,1,False,0.2608781323907424,0.02,2
12,2,0,3,0,0,1,False,0.1452567339139117,0.102,10
8,0,0,2,0,0,1,False,0.1348661993007364,0.117,12
14,1,0,5,0,0,1,False,0.26061913318712415,0.02,2
13,1,0,5,0,0,1,False,0.2591829676451295,0.02,2
11,0,0,7,0,0,1,False,0.22615666210004337,0.033,3
17,0,0,6,0,0,1,False,0.22089650921466958,0.035,4
8,0,0,3,1,0,-1,True,-0.011398092609653632,0.543,54
9,2,0,6,0,0,1,False,0.12641164439723906,0.131,13
19,1,0,5,0,0,1,False,0.16030620685513675,0.083,8
13,1,0,5,0,0,1,False,0.2591829676451295,0.02,2
9,1,0,6,0,0,1,False,0.20653482162745102,0.043,4
8,0,0,5,0,0,1,False,0.22109679333722643,0.035,4
14,1,0,5,0,0,1,False,0.26061913318712415,0.02,2
17,0,0,6,0,0,1,False,0.22089650921466958,0.035,4
11,0,0,4,0,0,1,False,0.25692829749939733,0.021,2
14,2,0,5,0,0,1,False,0.18336934966142565,0.06,6
17,0,0,4,0,0,1,False,0.2207109281475656,0.035,4
15,1,0,7,0,0,1,False,0.21390272390921589,0.039,4
10,1,0,2,0,0,1,False,0.14755092991866714,0.099,10
13,0,0,9,0,0,1,False,0.10559687965388997,0.17,17
11,1,0,8,0,0,1,False,0.15335865086602207,0.091,9
14,0,0,5,0,0,1,False,0.2787042429911378,0.015,2
11,1,0,7,0,0,1,False,0.20752841422636503,0.043,4
9,0,0,7,0,0,1,False,0.19382722925994422,0.052,5
12,0,0,6,0,0,1,False,0.27446601119194086,0.016,2
14,0,0,6,0,0,1,False,0.27226687326136667,0.017,2
9,1,0,5,0,0,1,False,0.21480238211393105,0.038,4
14,1,0,4,0,0,1,False,0.2543584010259232,0.022,2
14,0,0,6,0,0,1,False,0.27226687326136667,0.017,2
9,0,0,4,0,0,1,False,0.2290326642015436,0.031,3
15,0,0,3,0,0,1,False,0.23130093420933495,0.03,3
14,2,0,6,0,0,1,False,0.17236954502524438,0.07,7
18,0,0,5,0,0,1,False,0.2083986316958879,0.042,4
12,0,0,6,0,0,1,False,0.27446601119194086,0.016,2
13,1,0,5,0,0,1,False,0.2591829676451295,0.02,2
16,0,0,4,0,0,1,False,0.23999367384148163,0.027,3
13,0,0,2,0,0,1,False,0.1730830885253728,0.069,7
18,0,0,3,0,0,1,False,0.16025279428615408,0.083,8
8,1,0,6,0,0,1,False,0.18310750025220446,0.06,6
19,0,0,5,0,0,1,False,0.16807125254613925,0.074,7
13,1,0,3,0,0,1,False,0.21553093693353648,0.038,4
12,1,0,6,0,0,1,False,0.2522121481777815,0.022,2
8,2,0,4,0,0,1,False,0.12493878404236847,0.133,13
11,1,0,2,0,0,1,False,0.15671226768390872,0.087,9
23,7,1,2,1,1,-1,True,-0.07608632445526153,0.758,76
10,0,0,5,0,0,1,False,0.2608781323907424,0.02,2
19,0,0,4,0,0,1,False,0.15414663446794558,0.09,9
5,6,1,1,1,1,1,False,0.01581758915757059,0.441,44
15,0,0,5,0,0,1,False,0.26361003510967734,0.019,2
14,1,0,6,0,0,1,False,0.25433482409855346,0.022,2
14,0,0,6,0,0,1,False,0.27226687326136667,0.017,2
13,0,0,5,0,0,1,False,0.27957080706781084,0.015,2
15,0,0,5,0,0,1,False,0.26361003510967734,0.019,2
12,0,0,7,0,0,1,False,0.24157648456283914,0.026,3
12,2,0,6,0,0,1,False,0.17115116771092392,0.071,7
9,0,0,6,0,0,1,False,0.22970595281418554,0.031,3
15,2,0,5,0,0,1,False,0.17245143558710874,0.07,7
15,1,0,5,0,0,1,False,0.2500018808181058,0.023,2
9,0,0,7,0,0,1,False,0.19382722925994422,0.052,5
9,1,0,5,0,0,1,False,0.21480238211393105,0.038,4
13,0,0,3,0,0,1,False,0.24239768030875303,0.026,3
14,1,0,5,0,0,1,False,0.26061913318712415,0.02,2
12,1,0,3,0,0,1,False,0.21043117361717972,0.041,4
10,1,0,6,0,0,1,False,0.2352928246597707,0.028,3
10,0,0,5,0,0,1,False,0.2608781323907424,0.02,2
14,1,0,5,0,0,1,False,0.26061913318712415,0.02,2
12,0,0,3,0,0,1,False,0.2424135080083405,0.026,3
14,0,0,6,0,0,1,False,0.27226687326136667,0.017,2
14,1,0,4,0,0,1,False,0.2543584010259232,0.022,2
10,1,0,6,0,0,1,False,0.2352928246597707,0.028,3
13,0,0,7,0,0,1,False,0.24126296162429944,0.026,3
2,8,1,1,1,1,-1,True,-0.0006535518794223982,0.502,50
14,0,0,6,0,0,1,False,0.27226687326136667,0.017,2
13,0,0,7,0,0,1,False,0.24126296162429944,0.026,3
13,1,0,3,0,0,1,False,0.21553093693353648,0.038,4
17,0,0,7,0,0,1,False,0.18416306661181525,0.059,6
11,1,1,4,0,0,1,False,0.03596070692486153,0.368,37
12,0,0,5,0,0,1,False,0.27750019456167535,0.015,2
10,0,0,5,0,0,1,False,0.2608781323907424,0.02,2
14,0,0,4,0,0,1,False,0.2720351519433694,0.017,2
10,0,0,4,0,0,1,False,0.2527221116651866,0.022,2
16,1,0,6,0,0,1,False,0.23009868731338157,0.031,3
17,1,0,8,0,0,1,False,0.1373561183860592,0.113,11
17,1,0,4,0,0,1,False,0.20767709177128363,0.042,4
12,0,0,4,0,0,1,False,0.2668013632516392,0.018,2
15,1,0,9,0,0,1,False,0.09506122877421763,0.194,19
9,0,0,6,0,0,1,False,0.22970595281418554,0.031,3
10,0,0,7,0,0,1,False,0.21454028672702158,0.038,4
13,1,0,4,0,0,1,False,0.2525251229810261,0.022,2
2,7,1,1,1,1,1,False,0.013134147550909137,0.451,45
14,0,0,8,0,0,1,False,0.17776558411599003,0.065,6
14,1,0,5,0,0,1,False,0.26061913318712415,0.02,2
13,0,0,5,0,0,1,False,0.27957080706781084,0.015,2
15,0,0,5,0,0,1,False,0.26361003510967734,0.019,2
14,0,0,6,0,0,1,False,0.27226687326136667,0.017,2
11,0,0,4,0,0,1,False,0.25692829749939733,0.021,2
18,0,0,5,0,0,1,False,0.2083986316958879,0.042,4
13,2,0,4,0,0,1,False,0.1869725502358604,0.057,6
11,1,0,7,0,0,1,False,0.20752841422636503,0.043,4
13,2,0,4,0,0,1,False,0.1869725502358604,0.057,6
15,1,0,4,0,0,1,False,0.24278016401002095,0.026,3
10,1,0,4,0,0,1,False,0.23245149181192437,0.03,3
16,0,0,5,0,0,1,False,0.24886799914550417,0.023,2
8,0,0,4,0,0,1,False,0.20979810879971594,0.041,4
10,0,0,6,0,0,1,False,0.2529251261557989,0.022,2
13,0,0,3,0,0,1,False,0.24239768030875303,0.026,3
16,0,0,6,0,0,1,False,0.23242911192744115,0.03,3
12,0,0,4,0,0,1,False,0.2668013632516392,0.018,2
15,0,0,5,0,0,1,False,0.26361003510967734,0.019,2
15,0,0,5,0,0,1,False,0.26361003510967734,0.019,2
19,0,0,5,0,0,1,False,0.16807125254613925,0.074,7
16,0,0,4,0,0,1,False,0.23999367384148163,0.027,3
19,1,0,4,0,0,1,False,0.14724680460029638,0.099,10
3,9,1,2,1,1,-1,True,-0.03658524071613378,0.634,63
15,1,0,3,0,0,1,False,0.20975268498486405,0.041,4
14,0,0,6,0,0,1,False,0.27226687326136667,0.017,2
13,1,0,6,0,0,1,False,0.25096147762873106,0.023,2
4,10,1,1,1,1,-1,True,-0.021631175350803278,0.58,58
8,0,0,5,0,0,1,False,0.22109679333722643,0.035,4
18,0,0,6,0,0,1,False,0.1929784692103061,0.052,5
9,0,0,7,0,0,1,False,0.19382722925994422,0.052,5
13,0,0,6,0,0,1,False,0.2728717214516792,0.016,2
8,0,0,7,0,0,1,False,0.1721197643707828,0.07,7
13,0,0,5,0,0,1,False,0.27957080706781084,0.015,2
15,1,0,4,0,0,1,False,0.24278016401002095,0.026,3
18,0,0,5,0,0,1,False,0.2083986316958879,0.042,4
18,1,1,5,0,0,1,False,0.019392408876494738,0.428,43
12,0,0,5,0,0,1,False,0.27750019456167535,0.015,2
12,2,0,3,0,0,1,False,0.1452567339139117,0.102,10
15,1,0,4,0,0,1,False,0.24278016401002095,0.026,3
8,0,0,4,0,0,1,False,0.20979810879971594,0.041,4
10,0,0,4,0,0,1,False,0.2527221116651866,0.022,2
15,2,0,5,0,0,1,False,0.17245143558710874,0.07,7
13,0,0,5,0,0,1,False,0.27957080706781084,0.015,2
14,0,0,3,0,0,1,False,0.2449665206825658,0.025,2
15,1,0,5,0,0,1,False,0.2500018808181058,0.023,2
18,0,0,6,0,0,1,False,0.1929784692103061,0.052,5
11,0,0,6,0,0,1,False,0.2622632465459336,0.019,2
14,0,0,9,0,0,1,False,0.09685082280208668,0.19,19
13,2,0,4,1,0,-1,True,-0.0075813755051165055,0.528,53
10,0,0,5,0,0,1,False,0.2608781323907424,0.02,2
11,0,0,6,0,0,1,False,0.2622632465459336,0.019,2
1,6,1,1,1,1,-1,True,-0.013042940370988299,0.549,55
12,0,0,6,0,0,1,False,0.27446601119194086,0.016,2
11,0,0,3,0,0,1,False,0.23197784331585825,0.03,3
16,1,0,2,0,0,1,False,0.12680275126855656,0.13,13
15,0,0,4,0,0,1,False,0.25508988538103444,0.021,2
14,1,0,6,0,0,1,False,0.25433482409855346,0.022,2
14,0,0,8,0,0,1,False,0.17776558411599003,0.065,6
18,1,1,5,0,0,1,False,0.019392408876494738,0.428,43
15,0,0,5,0,0,1,False,0.26361003510967734,0.019,2
13,1,1,6,0,0,1,False,0.023326595454417953,0.413,41
12,1,0,5,0,0,1,False,0.25644798732155666,0.021,2
12,0,0,5,0,0,1,False,0.27750019456167535,0.015,2
10,0,0,4,0,0,1,False,0.2527221116651866,0.022,2
10,0,0,5,0,0,1,False,0.2608781323907424,0.02,2
16,1,0,6,0,0,1,False,0.23009868731338157,0.031,3
13,0,0,5,0,0,1,False,0.27957080706781084,0.015,2
14,0,0,3,0,0,1,False,0.2449665206825658,0.025,2
18,1,0,4,0,0,1,False,0.17915927757072614,0.064,6
12,1,0,7,0,0,1,False,0.2203459754705493,0.035,4
12,0,0,4,0,0,1,False,0.2668013632516392,0.018,2
14,0,0,7,0,0,1,False,0.24275899498710196,0.026,3
11,0,0,3,0,0,1,False,0.23197784331585825,0.03,3
12,1,0,6,0,0,1,False,0.2522121481777815,0.022,2
16,0,0,4,0,0,1,False,0.23999367384148163,0.027,3
10,2,0,4,0,0,1,False,0.1598465480616693,0.083,8
10,0,0,3,0,0,1,False,0.22468651304429071,0.033,3
11,0,0,7,0,0,1,False,0.22615666210004337,0.033,3
10,0,0,5,0,0,1,False,0.2608781323907424,0.02,2
11,1,0,6,0,0,1,False,0.24389307450081105,0.025,2
12,0,0,5,0,0,1,False,0.27750019456167535,0.015,2
